Sample in Buffer,Sample in Window,TRIGGER,inst_dsp_top/fraser_user_code/U0/mux_en[0:0],inst_dsp_top/fraser_user_code/U0/s_axis_tdata[0:0],inst_dsp_top/fraser_user_code/m_axis_tdata[15:0]
Radix - UNSIGNED,UNSIGNED,UNSIGNED,HEX,HEX,UNSIGNED
0,0,0,1,1,14172
1,1,0,1,1,14172
2,2,0,1,1,14172
3,3,0,1,1,14172
4,4,0,1,1,14172
5,5,0,1,1,14172
6,6,0,1,1,58666
7,7,0,1,1,50845
8,8,0,1,1,6149
9,9,0,1,1,15130
10,10,0,1,1,60871
11,11,0,1,1,50049
12,12,0,1,1,3884
13,13,0,1,1,3884
14,14,0,1,1,3884
15,15,0,1,1,3884
16,16,0,1,1,3884
17,17,0,1,1,3884
18,18,0,1,1,3884
19,19,0,1,1,3884
20,20,0,1,1,3884
21,21,0,1,1,15679
22,22,0,1,1,63178
23,23,0,1,1,49588
24,24,0,1,1,1182
25,25,0,1,1,16050
26,26,0,1,1,65144
27,27,0,1,1,65144
28,28,0,1,1,65144
29,29,0,1,1,65144
30,30,0,1,1,65144
31,31,0,1,1,65144
32,32,0,1,1,65144
33,33,0,1,1,65144
34,34,0,1,1,49555
35,35,0,1,1,64354
36,36,0,1,1,15992
37,37,0,1,1,2346
38,38,0,1,1,49785
39,39,0,1,1,62015
40,40,0,1,1,62015
41,41,0,1,1,62015
42,42,0,1,1,62015
43,43,0,1,1,62015
44,44,0,1,1,62015
45,45,0,1,1,62015
46,46,0,1,1,62015
47,47,0,1,1,62015
48,48,0,1,1,49785
49,49,0,1,1,2332
50,50,0,1,1,15774
51,51,0,1,1,64360
52,52,0,1,1,49648
53,53,0,1,1,0
54,54,0,1,1,15967
55,55,0,1,1,15967
56,56,0,1,1,15967
57,57,0,1,1,15967
58,58,0,1,1,15967
59,59,0,1,1,15967
60,60,0,1,1,15967
61,61,0,1,1,15967
62,62,0,1,1,15967
63,63,0,1,1,1169
64,64,0,1,1,49720
65,65,0,1,1,63204
66,66,0,1,1,15587
67,67,0,1,1,3482
68,68,0,1,1,50119
69,69,0,1,1,50119
70,70,0,1,1,50119
71,71,0,1,1,50119
72,72,0,1,1,50119
73,73,0,1,1,50119
74,74,0,1,1,50119
75,75,0,1,1,50119
76,76,0,1,1,50119
77,77,0,1,1,60923
78,78,0,1,1,15091
79,79,0,1,1,5720
80,80,0,1,1,51006
81,81,0,1,1,58785
82,82,0,1,1,14104
83,83,0,1,1,7783
84,84,0,1,1,7783
85,85,0,1,1,7783
86,86,0,1,1,7783
87,87,0,1,1,7783
88,88,0,1,1,7783
89,89,0,1,1,7783
90,90,0,1,1,7783
91,91,0,1,1,7783
92,92,0,1,1,51992
93,93,0,1,1,56706
94,94,0,1,1,12766
95,95,0,1,1,9778
96,96,0,1,1,53330
97,97,0,1,1,49764
98,98,0,1,1,49764
99,99,0,1,1,49764
100,100,0,1,1,49764
101,101,0,1,1,49764
102,102,0,1,1,49764
103,103,0,1,1,49764
104,104,0,1,1,49764
105,105,0,1,1,49764
106,106,0,1,1,64382
107,107,0,1,1,15561
108,108,0,1,1,2300
109,109,0,1,1,50049
110,110,0,1,1,61699
111,111,0,1,1,15218
112,112,0,1,1,4551
113,113,0,1,1,4551
114,114,0,1,1,4551
115,115,0,1,1,4551
116,116,0,1,1,4551
117,117,0,1,1,4551
118,118,0,1,1,4551
119,119,0,1,1,4551
120,120,0,1,1,4551
121,121,0,1,1,50774
122,122,0,1,1,59893
123,123,0,1,1,14436
124,124,0,1,1,6703
125,125,0,1,1,51709
126,126,0,1,1,57808
127,127,0,1,1,57808
128,128,0,1,1,57808
129,129,0,1,1,57808
130,130,0,1,1,57808
131,131,0,1,1,57808
132,132,0,1,1,57808
133,133,0,1,1,57808
134,134,0,1,1,13246
135,135,0,1,1,9092
136,136,0,1,1,52853
137,137,0,1,1,55590
138,138,0,1,1,11872
139,139,0,1,1,10888
140,140,0,1,1,10888
141,141,0,1,1,10888
142,142,0,1,1,10888
143,143,0,1,1,10888
144,144,0,1,1,10888
145,145,0,1,1,10888
146,146,0,1,1,10888
147,147,0,1,1,10888
148,148,0,1,1,1525
149,149,0,1,1,50027
150,150,0,1,1,62876
151,151,0,1,1,15179
152,152,0,1,1,3780
153,153,0,1,1,50533
154,154,0,1,1,50533
155,155,0,1,1,50533
156,156,0,1,1,50533
157,157,0,1,1,50533
158,158,0,1,1,50533
159,159,0,1,1,50533
160,160,0,1,1,50533
161,161,0,1,1,60656
162,162,0,1,1,14648
163,163,0,1,1,5954
164,164,0,1,1,51473
165,165,0,1,1,58541
166,166,0,1,1,13720
167,167,0,1,1,13720
168,168,0,1,1,13720
169,169,0,1,1,13720
170,170,0,1,1,13720
171,171,0,1,1,13720
172,172,0,1,1,13720
173,173,0,1,1,13720
174,174,0,1,1,7998
175,175,0,1,1,52393
176,176,0,1,1,56578
177,177,0,1,1,12496
178,178,0,1,1,9869
179,179,0,1,1,54009
180,180,0,1,1,54009
181,181,0,1,1,54009
182,182,0,1,1,54009
183,183,0,1,1,54009
184,184,0,1,1,54009
185,185,0,1,1,54009
186,186,0,1,1,54009
187,187,0,1,1,54009
188,188,0,1,1,54809
189,189,0,1,1,50151
190,190,0,1,1,64024
191,191,0,1,1,15259
192,192,0,1,1,3010
193,193,0,1,1,50484
194,194,0,1,1,61421
195,195,0,1,1,61421
196,196,0,1,1,61421
197,197,0,1,1,61421
198,198,0,1,1,61421
199,199,0,1,1,61421
200,200,0,1,1,61421
201,201,0,1,1,61421
202,202,0,1,1,61421
203,203,0,1,1,14762
204,204,0,1,1,5197
205,205,0,1,1,51143
206,206,0,1,1,59285
207,207,0,1,1,13945
208,208,0,1,1,7272
209,209,0,1,1,7272
210,210,0,1,1,7272
211,211,0,1,1,7272
212,212,0,1,1,7272
213,213,0,1,1,7272
214,214,0,1,1,7272
215,215,0,1,1,7272
216,216,0,1,1,7272
217,217,0,1,1,52236
218,218,0,1,1,57605
219,219,0,1,1,12827
220,220,0,1,1,9190
221,221,0,1,1,53374
222,222,0,1,1,55460
223,223,0,1,1,11430
224,224,0,1,1,11430
225,225,0,1,1,11430
226,226,0,1,1,11430
227,227,0,1,1,11430
228,228,0,1,1,11430
229,229,0,1,1,11430
230,230,0,1,1,11430
231,231,0,1,1,11430
232,232,0,1,1,15212
233,233,0,1,1,1853
234,234,0,1,1,50416
235,235,0,1,1,62554
236,236,0,1,1,14828
237,237,0,1,1,4037
238,238,0,1,1,4037
239,239,0,1,1,4037
240,240,0,1,1,4037
241,241,0,1,1,4037
242,242,0,1,1,4037
243,243,0,1,1,4037
244,244,0,1,1,4037
245,245,0,1,1,4037
246,246,0,1,1,51051
247,247,0,1,1,60437
248,248,0,1,1,14123
249,249,0,1,1,6195
250,250,0,1,1,51882
251,251,0,1,1,58330
252,252,0,1,1,13111
253,253,0,1,1,13111
254,254,0,1,1,13111
255,255,0,1,1,13111
256,256,0,1,1,13111
257,257,0,1,1,13111
258,258,0,1,1,13111
259,259,0,1,1,13111
260,260,0,1,1,13111
261,261,0,1,1,8098
262,262,0,1,1,53160
263,263,0,1,1,56519
264,264,0,1,1,11816
265,265,0,1,1,9887
266,266,0,1,1,54320
267,267,0,1,1,54320
268,268,0,1,1,54320
269,269,0,1,1,54320
270,270,0,1,1,54320
271,271,0,1,1,54320
272,272,0,1,1,54320
273,273,0,1,1,54320
274,274,0,1,1,1114
275,275,0,1,1,50630
276,276,0,1,1,63703
277,277,0,1,1,14914
278,278,0,1,1,3317
279,279,0,1,1,51006
280,280,0,1,1,51006
281,281,0,1,1,51006
282,282,0,1,1,51006
283,283,0,1,1,51006
284,284,0,1,1,51006
285,285,0,1,1,51006
286,286,0,1,1,51006
287,287,0,1,1,51006
288,288,0,1,1,61541
289,289,0,1,1,14222
290,290,0,1,1,5046
291,291,0,1,1,51698
292,292,0,1,1,59132
293,293,0,1,1,13379
294,294,0,1,1,7461
295,295,0,1,1,7461
296,296,0,1,1,7461
297,297,0,1,1,7461
298,298,0,1,1,7461
299,299,0,1,1,7461
300,300,0,1,1,7461
301,301,0,1,1,7461
302,302,0,1,1,7461
303,303,0,1,1,52689
304,304,0,1,1,57522
305,305,0,1,1,12246
306,306,0,1,1,8923
307,307,0,1,1,53957
308,308,0,1,1,55753
309,309,0,1,1,55753
310,310,0,1,1,55753
311,311,0,1,1,55753
312,312,0,1,1,55753
313,313,0,1,1,55753
314,314,0,1,1,55753
315,315,0,1,1,55753
316,316,0,1,1,55753
317,317,0,1,1,10848
318,318,0,1,1,14700
319,319,0,1,1,2173
320,320,0,1,1,50943
321,321,0,1,1,62291
322,322,0,1,1,14367
323,323,0,1,1,4299
324,324,0,1,1,4299
325,325,0,1,1,4299
326,326,0,1,1,4299
327,327,0,1,1,4299
328,328,0,1,1,4299
329,329,0,1,1,4299
330,330,0,1,1,4299
331,331,0,1,1,4299
332,332,0,1,1,51473
333,333,0,1,1,60206
334,334,0,1,1,13684
335,335,0,1,1,6332
336,336,0,1,1,52474
337,337,0,1,1,58236
338,338,0,1,1,58236
339,339,0,1,1,58236
340,340,0,1,1,58236
341,341,0,1,1,58236
342,342,0,1,1,58236
343,343,0,1,1,58236
344,344,0,1,1,58236
345,345,0,1,1,58236
346,346,0,1,1,12513
347,347,0,1,1,8229
348,348,0,1,1,53639
349,349,0,1,1,56532
350,350,0,1,1,11313
351,351,0,1,1,9828
352,352,0,1,1,55063
353,353,0,1,1,55063
354,354,0,1,1,55063
355,355,0,1,1,55063
356,356,0,1,1,55063
357,357,0,1,1,55063
358,358,0,1,1,55063
359,359,0,1,1,55063
360,360,0,1,1,55063
361,361,0,1,1,1435
362,362,0,1,1,51195
363,363,0,1,1,63416
364,364,0,1,1,14172
365,365,0,1,1,3166
366,366,0,1,1,51610
367,367,0,1,1,51610
368,368,0,1,1,51610
369,369,0,1,1,51610
370,370,0,1,1,51610
371,371,0,1,1,51610
372,372,0,1,1,51610
373,373,0,1,1,51610
374,374,0,1,1,60945
375,375,0,1,1,13605
376,376,0,1,1,5200
377,377,0,1,1,52157
378,378,0,1,1,59358
379,379,0,1,1,12743
380,380,0,1,1,12743
381,381,0,1,1,12743
382,382,0,1,1,12743
383,383,0,1,1,12743
384,384,0,1,1,12743
385,385,0,1,1,12743
386,386,0,1,1,12743
387,387,0,1,1,12743
388,388,0,1,1,7122
389,389,0,1,1,53328
390,390,0,1,1,57508
391,391,0,1,1,11755
392,392,0,1,1,9284
393,393,0,1,1,54595
394,394,0,1,1,55832
395,395,0,1,1,55832
396,396,0,1,1,55832
397,397,0,1,1,55832
398,398,0,1,1,55832
399,399,0,1,1,55832
400,400,0,1,1,55832
401,401,0,1,1,55832
402,402,0,1,1,55832
403,403,0,1,1,64139
404,404,0,1,1,14148
405,405,0,1,1,2470
406,406,0,1,1,51438
407,407,0,1,1,62025
408,408,0,1,1,13827
409,409,0,1,1,13827
410,410,0,1,1,13827
411,411,0,1,1,13827
412,412,0,1,1,13827
413,413,0,1,1,13827
414,414,0,1,1,13827
415,415,0,1,1,13827
416,416,0,1,1,13827
417,417,0,1,1,4472
418,418,0,1,1,52114
419,419,0,1,1,60081
420,420,0,1,1,13033
421,421,0,1,1,6409
422,422,0,1,1,52964
423,423,0,1,1,58207
424,424,0,1,1,58207
425,425,0,1,1,58207
426,426,0,1,1,58207
427,427,0,1,1,58207
428,428,0,1,1,58207
429,429,0,1,1,58207
430,430,0,1,1,58207
431,431,0,1,1,58207
432,432,0,1,1,12044
433,433,0,1,1,8208
434,434,0,1,1,54248
435,435,0,1,1,56621
436,436,0,1,1,10641
437,437,0,1,1,9690
438,438,0,1,1,9690
439,439,0,1,1,9690
440,440,0,1,1,9690
441,441,0,1,1,9690
442,442,0,1,1,9690
443,443,0,1,1,9690
444,444,0,1,1,9690
445,445,0,1,1,9690
446,446,0,1,1,55456
447,447,0,1,1,5695
448,448,0,1,1,52832
449,449,0,1,1,58911
450,450,0,1,1,12227
451,451,0,1,1,7518
452,452,0,1,1,53851
453,453,0,1,1,53851
454,454,0,1,1,53851
455,455,0,1,1,53851
456,456,0,1,1,53851
457,457,0,1,1,53851
458,458,0,1,1,53851
459,459,0,1,1,53851
460,460,0,1,1,53851
461,461,0,1,1,57444
462,462,0,1,1,11079
463,463,0,1,1,9179
464,464,0,1,1,55280
465,465,0,1,1,55599
466,466,0,1,1,9545
467,467,0,1,1,9545
468,468,0,1,1,9545
469,469,0,1,1,9545
470,470,0,1,1,9545
471,471,0,1,1,9545
472,472,0,1,1,9545
473,473,0,1,1,9545
474,474,0,1,1,9545
475,475,0,1,1,10256
476,476,0,1,1,56755
477,477,0,1,1,54624
478,478,0,1,1,7970
479,479,0,1,1,11509
480,480,0,1,1,58311
481,481,0,1,1,53328
482,482,0,1,1,53328
483,483,0,1,1,53328
484,484,0,1,1,53328
485,485,0,1,1,53328
486,486,0,1,1,53328
487,487,0,1,1,53328
488,488,0,1,1,53328
489,489,0,1,1,53328
490,490,0,1,1,6224
491,491,0,1,1,12513
492,492,0,1,1,60239
493,493,0,1,1,52622
494,494,0,1,1,4342
495,495,0,1,1,53683
496,496,0,1,1,53683
497,497,0,1,1,53683
498,498,0,1,1,53683
499,499,0,1,1,53683
500,500,0,1,1,53683
501,501,0,1,1,53683
502,502,0,1,1,53683
503,503,0,1,1,58248
504,504,0,1,1,11317
505,505,0,1,1,8115
506,506,0,1,1,54796
507,507,0,1,1,56638
508,508,0,1,1,10094
509,509,0,1,1,10094
510,510,0,1,1,10094
511,511,0,1,1,10094
512,512,0,1,1,10094
513,513,0,1,1,10094
514,514,0,1,1,10094
515,515,0,1,1,10094
516,516,0,1,1,10094
517,517,0,1,1,9633
518,518,0,1,1,56142
519,519,0,1,1,55221
520,520,0,1,1,8381
521,521,0,1,1,10942
522,522,0,1,1,57692
523,523,0,1,1,54027
524,524,0,1,1,54027
525,525,0,1,1,54027
526,526,0,1,1,54027
527,527,0,1,1,54027
528,528,0,1,1,54027
529,529,0,1,1,54027
530,530,0,1,1,54027
531,531,0,1,1,54027
532,532,0,1,1,6715
533,533,0,1,1,12014
534,534,0,1,1,59711
535,535,0,1,1,53082
536,536,0,1,1,5213
537,537,0,1,1,11490
538,538,0,1,1,11490
539,539,0,1,1,11490
540,540,0,1,1,11490
541,541,0,1,1,11490
542,542,0,1,1,11490
543,543,0,1,1,11490
544,544,0,1,1,11490
545,545,0,1,1,11490
546,546,0,1,1,7442
547,547,0,1,1,54584
548,548,0,1,1,57556
549,549,0,1,1,10355
550,550,0,1,1,8996
551,551,0,1,1,56005
552,552,0,1,1,56231
553,553,0,1,1,56231
554,554,0,1,1,56231
555,555,0,1,1,56231
556,556,0,1,1,56231
557,557,0,1,1,56231
558,558,0,1,1,56231
559,559,0,1,1,56231
560,560,0,1,1,56231
561,561,0,1,1,8996
562,562,0,1,1,10143
563,563,0,1,1,57295
564,564,0,1,1,54966
565,565,0,1,1,7311
566,566,0,1,1,11118
567,567,0,1,1,11118
568,568,0,1,1,11118
569,569,0,1,1,11118
570,570,0,1,1,11118
571,571,0,1,1,11118
572,572,0,1,1,11118
573,573,0,1,1,11118
574,574,0,1,1,58933
575,575,0,1,1,53930
576,576,0,1,1,5727
577,577,0,1,1,12031
578,578,0,1,1,60800
579,579,0,1,1,52817
580,580,0,1,1,52817
581,581,0,1,1,52817
582,582,0,1,1,52817
583,583,0,1,1,52817
584,584,0,1,1,52817
585,585,0,1,1,52817
586,586,0,1,1,52817
587,587,0,1,1,52817
588,588,0,1,1,56940
589,589,0,1,1,55551
590,590,0,1,1,7947
591,591,0,1,1,10760
592,592,0,1,1,58495
593,593,0,1,1,54457
594,594,0,1,1,6366
595,595,0,1,1,6366
596,596,0,1,1,6366
597,597,0,1,1,6366
598,598,0,1,1,6366
599,599,0,1,1,6366
600,600,0,1,1,6366
601,601,0,1,1,6366
602,602,0,1,1,6366
603,603,0,1,1,11755
604,604,0,1,1,60203
605,605,0,1,1,53603
606,606,0,1,1,4649
607,607,0,1,1,12265
608,608,0,1,1,61787
609,609,0,1,1,61787
610,610,0,1,1,61787
611,611,0,1,1,61787
612,612,0,1,1,61787
613,613,0,1,1,61787
614,614,0,1,1,61787
615,615,0,1,1,61787
616,616,0,1,1,61787
617,617,0,1,1,53007
618,618,0,1,1,2568
619,619,0,1,1,12727
620,620,0,1,1,63641
621,621,0,1,1,52682
622,622,0,1,1,634
623,623,0,1,1,12913
624,624,0,1,1,12913
625,625,0,1,1,12913
626,626,0,1,1,12913
627,627,0,1,1,12913
628,628,0,1,1,12913
629,629,0,1,1,12913
630,630,0,1,1,12913
631,631,0,1,1,12913
632,632,0,1,1,0
633,633,0,1,1,52635
634,634,0,1,1,64270
635,635,0,1,1,12820
636,636,0,1,1,1895
637,637,0,1,1,59566
638,638,0,1,1,59566
639,639,0,1,1,59566
640,640,0,1,1,59566
641,641,0,1,1,59566
642,642,0,1,1,59566
643,643,0,1,1,59566
644,644,0,1,1,59566
645,645,0,1,1,59566
646,646,0,1,1,54087
647,647,0,1,1,5132
648,648,0,1,1,11701
649,649,0,1,1,61269
650,650,0,1,1,53756
651,651,0,1,1,3378
652,652,0,1,1,12357
653,653,0,1,1,12357
654,654,0,1,1,12357
655,655,0,1,1,12357
656,656,0,1,1,12357
657,657,0,1,1,12357
658,658,0,1,1,12357
659,659,0,1,1,12357
660,660,0,1,1,12357
661,661,0,1,1,63116
662,662,0,1,1,53057
663,663,0,1,1,1550
664,664,0,1,1,12346
665,665,0,1,1,64927
666,666,0,1,1,53134
667,667,0,1,1,53134
668,668,0,1,1,53134
669,669,0,1,1,53134
670,670,0,1,1,53134
671,671,0,1,1,53134
672,672,0,1,1,53134
673,673,0,1,1,53134
674,674,0,1,1,65232
675,675,0,1,1,12391
676,676,0,1,1,1241
677,677,0,1,1,53008
678,678,0,1,1,63415
679,679,0,1,1,12167
680,680,0,1,1,12167
681,681,0,1,1,12167
682,682,0,1,1,12167
683,683,0,1,1,12167
684,684,0,1,1,12167
685,685,0,1,1,12167
686,686,0,1,1,12167
687,687,0,1,1,12167
688,688,0,1,1,2121
689,689,0,1,1,12008
690,690,0,1,1,64050
691,691,0,1,1,53429
692,692,0,1,1,596
693,693,0,1,1,12139
694,694,0,1,1,609
695,695,0,1,1,609
696,696,0,1,1,609
697,697,0,1,1,609
698,698,0,1,1,609
699,699,0,1,1,609
700,700,0,1,1,609
701,701,0,1,1,609
702,702,0,1,1,609
703,703,0,1,1,53429
704,704,0,1,1,64346
705,705,0,1,1,12008
706,706,0,1,1,2368
707,707,0,1,1,53691
708,708,0,1,1,62298
709,709,0,1,1,62298
710,710,0,1,1,62298
711,711,0,1,1,62298
712,712,0,1,1,62298
713,713,0,1,1,62298
714,714,0,1,1,62298
715,715,0,1,1,62298
716,716,0,1,1,62298
717,717,0,1,1,11617
718,718,0,1,1,4090
719,719,0,1,1,54210
720,720,0,1,1,60617
721,721,0,1,1,10974
722,722,0,1,1,5335
723,723,0,1,1,54974
724,724,0,1,1,54974
725,725,0,1,1,54974
726,726,0,1,1,54974
727,727,0,1,1,54974
728,728,0,1,1,54974
729,729,0,1,1,54974
730,730,0,1,1,54974
731,731,0,1,1,54974
732,732,0,1,1,59041
733,733,0,1,1,10094
734,734,0,1,1,7232
735,735,0,1,1,56181
736,736,0,1,1,58008
737,737,0,1,1,64954
738,738,0,1,1,64954
739,739,0,1,1,64954
740,740,0,1,1,64954
741,741,0,1,1,64954
742,742,0,1,1,64954
743,743,0,1,1,64954
744,744,0,1,1,64954
745,745,0,1,1,64954
746,746,0,1,1,11809
747,747,0,1,1,1452
748,748,0,1,1,53845
749,749,0,1,1,63221
750,750,0,1,1,11510
751,751,0,1,1,3165
752,752,0,1,1,54269
753,753,0,1,1,54269
754,754,0,1,1,54269
755,755,0,1,1,54269
756,756,0,1,1,54269
757,757,0,1,1,54269
758,758,0,1,1,54269
759,759,0,1,1,54269
760,760,0,1,1,54269
761,761,0,1,1,61633
762,762,0,1,1,10963
763,763,0,1,1,4695
764,764,0,1,1,54937
765,765,0,1,1,60075
766,766,0,1,1,10178
767,767,0,1,1,10178
768,768,0,1,1,10178
769,769,0,1,1,10178
770,770,0,1,1,10178
771,771,0,1,1,10178
772,772,0,1,1,10178
773,773,0,1,1,10178
774,774,0,1,1,6198
775,775,0,1,1,55903
776,776,0,1,1,58467
777,777,0,1,1,9173
778,778,0,1,1,7750
779,779,0,1,1,56942
780,780,0,1,1,56942
781,781,0,1,1,56942
782,782,0,1,1,56942
783,783,0,1,1,56942
784,784,0,1,1,56942
785,785,0,1,1,56942
786,786,0,1,1,56942
787,787,0,1,1,56942
788,788,0,1,1,54293
789,789,0,1,1,64153
790,790,0,1,1,11415
791,791,0,1,1,2538
792,792,0,1,1,54298
793,793,0,1,1,62173
794,794,0,1,1,62173
795,795,0,1,1,62173
796,796,0,1,1,62173
797,797,0,1,1,62173
798,798,0,1,1,62173
799,799,0,1,1,62173
800,800,0,1,1,62173
801,801,0,1,1,10727
802,802,0,1,1,3806
803,803,0,1,1,55098
804,804,0,1,1,60958
805,805,0,1,1,10091
806,806,0,1,1,5326
807,807,0,1,1,5326
808,808,0,1,1,5326
809,809,0,1,1,5326
810,810,0,1,1,5326
811,811,0,1,1,5326
812,812,0,1,1,5326
813,813,0,1,1,5326
814,814,0,1,1,55846
815,815,0,1,1,59492
816,816,0,1,1,9237
817,817,0,1,1,6951
818,818,0,1,1,56803
819,819,0,1,1,57949
820,820,0,1,1,57949
821,821,0,1,1,57949
822,822,0,1,1,57949
823,823,0,1,1,57949
824,824,0,1,1,57949
825,825,0,1,1,57949
826,826,0,1,1,57949
827,827,0,1,1,57949
828,828,0,1,1,8182
829,829,0,1,1,64726
830,830,0,1,1,10920
831,831,0,1,1,1614
832,832,0,1,1,54745
833,833,0,1,1,63125
834,834,0,1,1,10673
835,835,0,1,1,10673
836,836,0,1,1,10673
837,837,0,1,1,10673
838,838,0,1,1,10673
839,839,0,1,1,10673
840,840,0,1,1,10673
841,841,0,1,1,10673
842,842,0,1,1,10673
843,843,0,1,1,3194
844,844,0,1,1,55088
845,845,0,1,1,61576
846,846,0,1,1,10166
847,847,0,1,1,4704
848,848,0,1,1,55832
849,849,0,1,1,55832
850,850,0,1,1,55832
851,851,0,1,1,55832
852,852,0,1,1,55832
853,853,0,1,1,55832
854,854,0,1,1,55832
855,855,0,1,1,55832
856,856,0,1,1,55832
857,857,0,1,1,60113
858,858,0,1,1,9296
859,859,0,1,1,5945
860,860,0,1,1,56540
861,861,0,1,1,58767
862,862,0,1,1,8272
863,863,0,1,1,7187
864,864,0,1,1,7187
865,865,0,1,1,7187
866,866,0,1,1,7187
867,867,0,1,1,7187
868,868,0,1,1,7187
869,869,0,1,1,7187
870,870,0,1,1,7187
871,871,0,1,1,7187
872,872,0,1,1,787
873,873,0,1,1,54915
874,874,0,1,1,63706
875,875,0,1,1,10194
876,876,0,1,1,2277
877,877,0,1,1,55519
878,878,0,1,1,55519
879,879,0,1,1,55519
880,880,0,1,1,55519
881,881,0,1,1,55519
882,882,0,1,1,55519
883,883,0,1,1,55519
884,884,0,1,1,55519
885,885,0,1,1,55519
886,886,0,1,1,62519
887,887,0,1,1,9787
888,888,0,1,1,3741
889,889,0,1,1,56034
890,890,0,1,1,60724
891,891,0,1,1,9167
892,892,0,1,1,5123
893,893,0,1,1,5123
894,894,0,1,1,5123
895,895,0,1,1,5123
896,896,0,1,1,5123
897,897,0,1,1,5123
898,898,0,1,1,5123
899,899,0,1,1,5123
900,900,0,1,1,5123
901,901,0,1,1,56755
902,902,0,1,1,59374
903,903,0,1,1,8349
904,904,0,1,1,6395
905,905,0,1,1,57666
906,906,0,1,1,58369
907,907,0,1,1,58369
908,908,0,1,1,58369
909,909,0,1,1,58369
910,910,0,1,1,58369
911,911,0,1,1,58369
912,912,0,1,1,58369
913,913,0,1,1,58369
914,914,0,1,1,55170
915,915,0,1,1,64548
916,916,0,1,1,10281
917,917,0,1,1,1723
918,918,0,1,1,55701
919,919,0,1,1,63087
920,920,0,1,1,63087
921,921,0,1,1,63087
922,922,0,1,1,63087
923,923,0,1,1,63087
924,924,0,1,1,63087
925,925,0,1,1,63087
926,926,0,1,1,63087
927,927,0,1,1,63087
928,928,0,1,1,9946
929,929,0,1,1,3162
930,930,0,1,1,56045
931,931,0,1,1,61678
932,932,0,1,1,9215
933,933,0,1,1,4532
934,934,0,1,1,56766
935,935,0,1,1,56766
936,936,0,1,1,56766
937,937,0,1,1,56766
938,938,0,1,1,56766
939,939,0,1,1,56766
940,940,0,1,1,56766
941,941,0,1,1,56766
942,942,0,1,1,56766
943,943,0,1,1,60354
944,944,0,1,1,8516
945,945,0,1,1,5804
946,946,0,1,1,57589
947,947,0,1,1,59141
948,948,0,1,1,7633
949,949,0,1,1,7633
950,950,0,1,1,7633
951,951,0,1,1,7633
952,952,0,1,1,7633
953,953,0,1,1,7633
954,954,0,1,1,7633
955,955,0,1,1,7633
956,956,0,1,1,7633
957,957,0,1,1,6951
958,958,0,1,1,957
959,959,0,1,1,55882
960,960,0,1,1,63867
961,961,0,1,1,9523
962,962,0,1,1,2603
963,963,0,1,1,56196
964,964,0,1,1,56196
965,965,0,1,1,56196
966,966,0,1,1,56196
967,967,0,1,1,56196
968,968,0,1,1,56196
969,969,0,1,1,56196
970,970,0,1,1,56196
971,971,0,1,1,56196
972,972,0,1,1,62474
973,973,0,1,1,9106
974,974,0,1,1,3735
975,975,0,1,1,56713
976,976,0,1,1,60935
977,977,0,1,1,8492
978,978,0,1,1,8492
979,979,0,1,1,8492
980,980,0,1,1,8492
981,981,0,1,1,8492
982,982,0,1,1,8492
983,983,0,1,1,8492
984,984,0,1,1,8492
985,985,0,1,1,8492
986,986,0,1,1,4850
987,987,0,1,1,57692
988,988,0,1,1,60104
989,989,0,1,1,7437
990,990,0,1,1,6375
991,991,0,1,1,58546
992,992,0,1,1,58806
993,993,0,1,1,58806
994,994,0,1,1,58806
995,995,0,1,1,58806
996,996,0,1,1,58806
997,997,0,1,1,58806
998,998,0,1,1,58806
999,999,0,1,1,58806
1000,1000,0,1,1,58806
1001,1001,0,1,1,56147
1002,1002,0,1,1,64381
1003,1003,0,1,1,9295
1004,1004,0,1,1,1776
1005,1005,0,1,1,56331
1006,1006,0,1,1,63020
1007,1007,0,1,1,63020
1008,1008,0,1,1,63020
1009,1009,0,1,1,63020
1010,1010,0,1,1,63020
1011,1011,0,1,1,63020
1012,1012,0,1,1,63020
1013,1013,0,1,1,63020
1014,1014,0,1,1,8958
1015,1015,0,1,1,3178
1016,1016,0,1,1,56734
1017,1017,0,1,1,61713
1018,1018,0,1,1,8427
1019,1019,0,1,1,4291
1020,1020,0,1,1,4291
1021,1021,0,1,1,4291
1022,1022,0,1,1,4291
1023,1023,0,1,1,4291
1024,1024,1,1,1,4291
1025,1025,0,1,1,4291
1026,1026,0,1,1,4291
1027,1027,0,1,1,4291
1028,1028,0,1,1,57444
1029,1029,0,1,1,60489
1030,1030,0,1,1,7569
1031,1031,0,1,1,5422
1032,1032,0,1,1,58243
1033,1033,0,1,1,59374
1034,1034,0,1,1,6833
1035,1035,0,1,1,6833
1036,1036,0,1,1,6833
1037,1037,0,1,1,6833
1038,1038,0,1,1,6833
1039,1039,0,1,1,6833
1040,1040,0,1,1,6833
1041,1041,0,1,1,6833
1042,1042,0,1,1,6833
1043,1043,0,1,1,9059
1044,1044,0,1,1,1073
1045,1045,0,1,1,56899
1046,1046,0,1,1,63826
1047,1047,0,1,1,8503
1048,1048,0,1,1,2642
1049,1049,0,1,1,2642
1050,1050,0,1,1,2642
1051,1051,0,1,1,2642
1052,1052,0,1,1,2642
1053,1053,0,1,1,2642
1054,1054,0,1,1,2642
1055,1055,0,1,1,2642
1056,1056,0,1,1,2642
1057,1057,0,1,1,56893
1058,1058,0,1,1,62381
1059,1059,0,1,1,8098
1060,1060,0,1,1,3552
1061,1061,0,1,1,57706
1062,1062,0,1,1,61049
1063,1063,0,1,1,7518
1064,1064,0,1,1,7518
1065,1065,0,1,1,7518
1066,1066,0,1,1,7518
1067,1067,0,1,1,7518
1068,1068,0,1,1,7518
1069,1069,0,1,1,7518
1070,1070,0,1,1,7518
1071,1071,0,1,1,7518
1072,1072,0,1,1,4690
1073,1073,0,1,1,58369
1074,1074,0,1,1,60314
1075,1075,0,1,1,6776
1076,1076,0,1,1,5725
1077,1077,0,1,1,59188
1078,1078,0,1,1,59188
1079,1079,0,1,1,59188
1080,1080,0,1,1,59188
1081,1081,0,1,1,59188
1082,1082,0,1,1,59188
1083,1083,0,1,1,59188
1084,1084,0,1,1,59188
1085,1085,0,1,1,59188
1086,1086,0,1,1,59188
1087,1087,0,1,1,57754
1088,1088,0,1,1,61935
1089,1089,0,1,1,7524
1090,1090,0,1,1,4152
1091,1091,0,1,1,58420
1092,1092,0,1,1,60856
1093,1093,0,1,1,60856
1094,1094,0,1,1,60856
1095,1095,0,1,1,60856
1096,1096,0,1,1,60856
1097,1097,0,1,1,60856
1098,1098,0,1,1,60856
1099,1099,0,1,1,60856
1100,1100,0,1,1,60856
1101,1101,0,1,1,6766
1102,1102,0,1,1,5182
1103,1103,0,1,1,59294
1104,1104,0,1,1,60113
1105,1105,0,1,1,5956
1106,1106,0,1,1,5849
1107,1107,0,1,1,5849
1108,1108,0,1,1,5849
1109,1109,0,1,1,5849
1110,1110,0,1,1,5849
1111,1111,0,1,1,5849
1112,1112,0,1,1,5849
1113,1113,0,1,1,5849
1114,1114,0,1,1,5849
1115,1115,0,1,1,60113
1116,1116,0,1,1,59294
1117,1117,0,1,1,4811
1118,1118,0,1,1,6603
1119,1119,0,1,1,61030
1120,1120,0,1,1,58609
1121,1121,0,1,1,3980
1122,1122,0,1,1,3980
1123,1123,0,1,1,3980
1124,1124,0,1,1,3980
1125,1125,0,1,1,3980
1126,1126,0,1,1,3980
1127,1127,0,1,1,3980
1128,1128,0,1,1,3980
1129,1129,0,1,1,3980
1130,1130,0,1,1,7524
1131,1131,0,1,1,62263
1132,1132,0,1,1,58075
1133,1133,0,1,1,2906
1134,1134,0,1,1,7668
1135,1135,0,1,1,61384
1136,1136,0,1,1,61384
1137,1137,0,1,1,61384
1138,1138,0,1,1,61384
1139,1139,0,1,1,61384
1140,1140,0,1,1,61384
1141,1141,0,1,1,61384
1142,1142,0,1,1,61384
1143,1143,0,1,1,6823
1144,1144,0,1,1,4291
1145,1145,0,1,1,59332
1146,1146,0,1,1,60784
1147,1147,0,1,1,5848
1148,1148,0,1,1,5187
1149,1149,0,1,1,5187
1150,1150,0,1,1,5187
1151,1151,0,1,1,5187
1152,1152,0,1,1,5187
1153,1153,0,1,1,5187
1154,1154,0,1,1,5187
1155,1155,0,1,1,5187
1156,1156,0,1,1,5187
1157,1157,0,1,1,60075
1158,1158,0,1,1,59942
1159,1159,0,1,1,5045
1160,1160,0,1,1,5970
1161,1161,0,1,1,60935
1162,1162,0,1,1,59221
1163,1163,0,1,1,4132
1164,1164,0,1,1,4132
1165,1165,0,1,1,4132
1166,1166,0,1,1,4132
1167,1167,0,1,1,4132
1168,1168,0,1,1,4132
1169,1169,0,1,1,4132
1170,1170,0,1,1,4132
1171,1171,0,1,1,4132
1172,1172,0,1,1,6625
1173,1173,0,1,1,61895
1174,1174,0,1,1,58637
1175,1175,0,1,1,3130
1176,1176,0,1,1,7206
1177,1177,0,1,1,3787
1178,1178,0,1,1,3787
1179,1179,0,1,1,3787
1180,1180,0,1,1,3787
1181,1181,0,1,1,3787
1182,1182,0,1,1,3787
1183,1183,0,1,1,3787
1184,1184,0,1,1,3787
1185,1185,0,1,1,3787
1186,1186,0,1,1,59411
1187,1187,0,1,1,61294
1188,1188,0,1,1,5807
1189,1189,0,1,1,4673
1190,1190,0,1,1,59958
1191,1191,0,1,1,60456
1192,1192,0,1,1,5080
1193,1193,0,1,1,5080
1194,1194,0,1,1,5080
1195,1195,0,1,1,5080
1196,1196,0,1,1,5080
1197,1197,0,1,1,5080
1198,1198,0,1,1,5080
1199,1199,0,1,1,5080
1200,1200,0,1,1,5080
1201,1201,0,1,1,5458
1202,1202,0,1,1,60724
1203,1203,0,1,1,59729
1204,1204,0,1,1,4242
1205,1205,0,1,1,6125
1206,1206,0,1,1,61749
1207,1207,0,1,1,61749
1208,1208,0,1,1,61749
1209,1209,0,1,1,61749
1210,1210,0,1,1,61749
1211,1211,0,1,1,61749
1212,1212,0,1,1,61749
1213,1213,0,1,1,61749
1214,1214,0,1,1,59127
1215,1215,0,1,1,3473
1216,1216,0,1,1,6659
1217,1217,0,1,1,62717
1218,1218,0,1,1,58663
1219,1219,0,1,1,2360
1220,1220,0,1,1,2360
1221,1221,0,1,1,2360
1222,1222,0,1,1,2360
1223,1223,0,1,1,2360
1224,1224,0,1,1,2360
1225,1225,0,1,1,2360
1226,1226,0,1,1,2360
1227,1227,0,1,1,2360
1228,1228,0,1,1,60232
1229,1229,0,1,1,4444
1230,1230,0,1,1,5234
1231,1231,0,1,1,61502
1232,1232,0,1,1,60015
1233,1233,0,1,1,3413
1234,1234,0,1,1,5777
1235,1235,0,1,1,5777
1236,1236,0,1,1,5777
1237,1237,0,1,1,5777
1238,1238,0,1,1,5777
1239,1239,0,1,1,5777
1240,1240,0,1,1,5777
1241,1241,0,1,1,5777
1242,1242,0,1,1,5777
1243,1243,0,1,1,62386
1244,1244,0,1,1,59466
1245,1245,0,1,1,2541
1246,1246,0,1,1,6596
1247,1247,0,1,1,63339
1248,1248,0,1,1,59137
1249,1249,0,1,1,59137
1250,1250,0,1,1,59137
1251,1251,0,1,1,59137
1252,1252,0,1,1,59137
1253,1253,0,1,1,59137
1254,1254,0,1,1,59137
1255,1255,0,1,1,59137
1256,1256,0,1,1,59137
1257,1257,0,1,1,1613
1258,1258,0,1,1,6870
1259,1259,0,1,1,64401
1260,1260,0,1,1,58968
1261,1261,0,1,1,651
1262,1262,0,1,1,6621
1263,1263,0,1,1,65373
1264,1264,0,1,1,65373
1265,1265,0,1,1,65373
1266,1266,0,1,1,65373
1267,1267,0,1,1,65373
1268,1268,0,1,1,65373
1269,1269,0,1,1,65373
1270,1270,0,1,1,65373
1271,1271,0,1,1,65373
1272,1272,0,1,1,58896
1273,1273,0,1,1,65210
1274,1274,0,1,1,6607
1275,1275,0,1,1,813
1276,1276,0,1,1,58968
1277,1277,0,1,1,60006
1278,1278,0,1,1,60006
1279,1279,0,1,1,60006
1280,1280,0,1,1,60006
1281,1281,0,1,1,60006
1282,1282,0,1,1,60006
1283,1283,0,1,1,60006
1284,1284,0,1,1,60006
1285,1285,0,1,1,60006
1286,1286,0,1,1,2681
1287,1287,0,1,1,5732
1288,1288,0,1,1,63137
1289,1289,0,1,1,59632
1290,1290,0,1,1,1967
1291,1291,0,1,1,6043
1292,1292,0,1,1,64162
1293,1293,0,1,1,64162
1294,1294,0,1,1,64162
1295,1295,0,1,1,64162
1296,1296,0,1,1,64162
1297,1297,0,1,1,64162
1298,1298,0,1,1,64162
1299,1299,0,1,1,64162
1300,1300,0,1,1,64162
1301,1301,0,1,1,59387
1302,1302,0,1,1,1072
1303,1303,0,1,1,6223
1304,1304,0,1,1,65075
1305,1305,0,1,1,59647
1306,1306,0,1,1,145
1307,1307,0,1,1,145
1308,1308,0,1,1,145
1309,1309,0,1,1,145
1310,1310,0,1,1,145
1311,1311,0,1,1,145
1312,1312,0,1,1,145
1313,1313,0,1,1,145
1314,1314,0,1,1,6268
1315,1315,0,1,1,289
1316,1316,0,1,1,59668
1317,1317,0,1,1,64814
1318,1318,0,1,1,5810
1319,1319,0,1,1,1374
1320,1320,0,1,1,1374
1321,1321,0,1,1,1374
1322,1322,0,1,1,1374
1323,1323,0,1,1,1374
1324,1324,0,1,1,1374
1325,1325,0,1,1,1374
1326,1326,0,1,1,1374
1327,1327,0,1,1,1374
1328,1328,0,1,1,5413
1329,1329,0,1,1,64671
1330,1330,0,1,1,60043
1331,1331,0,1,1,406
1332,1332,0,1,1,5518
1333,1333,0,1,1,0
1334,1334,0,1,1,60023
1335,1335,0,1,1,60023
1336,1336,0,1,1,60023
1337,1337,0,1,1,60023
1338,1338,0,1,1,60023
1339,1339,0,1,1,60023
1340,1340,0,1,1,60023
1341,1341,0,1,1,60023
1342,1342,0,1,1,60023
1343,1343,0,1,1,65130
1344,1344,0,1,1,5493
1345,1345,0,1,1,810
1346,1346,0,1,1,60098
1347,1347,0,1,1,64327
1348,1348,0,1,1,5354
1349,1349,0,1,1,5354
1350,1350,0,1,1,5354
1351,1351,0,1,1,5354
1352,1352,0,1,1,5354
1353,1353,0,1,1,5354
1354,1354,0,1,1,5354
1355,1355,0,1,1,5354
1356,1356,0,1,1,5354
1357,1357,0,1,1,1602
1358,1358,0,1,1,60295
1359,1359,0,1,1,63550
1360,1360,0,1,1,5046
1361,1361,0,1,1,2360
1362,1362,0,1,1,60945
1363,1363,0,1,1,62815
1364,1364,0,1,1,62815
1365,1365,0,1,1,62815
1366,1366,0,1,1,62815
1367,1367,0,1,1,62815
1368,1368,0,1,1,62815
1369,1369,0,1,1,62815
1370,1370,0,1,1,62815
1371,1371,0,1,1,62815
1372,1372,0,1,1,4663
1373,1373,0,1,1,3066
1374,1374,0,1,1,61103
1375,1375,0,1,1,62374
1376,1376,0,1,1,4267
1377,1377,0,1,1,4750
1378,1378,0,1,1,4750
1379,1379,0,1,1,4750
1380,1380,0,1,1,4750
1381,1381,0,1,1,4750
1382,1382,0,1,1,4750
1383,1383,0,1,1,4750
1384,1384,0,1,1,4750
1385,1385,0,1,1,4750
1386,1386,0,1,1,350
1387,1387,0,1,1,60435
1388,1388,0,1,1,64657
1389,1389,0,1,1,4665
1390,1390,0,1,1,1126
1391,1391,0,1,1,60583
1392,1392,0,1,1,63924
1393,1393,0,1,1,63924
1394,1394,0,1,1,63924
1395,1395,0,1,1,63924
1396,1396,0,1,1,63924
1397,1397,0,1,1,63924
1398,1398,0,1,1,63924
1399,1399,0,1,1,63924
1400,1400,0,1,1,63924
1401,1401,0,1,1,4839
1402,1402,0,1,1,1712
1403,1403,0,1,1,60837
1404,1404,0,1,1,63503
1405,1405,0,1,1,4533
1406,1406,0,1,1,2344
1407,1407,0,1,1,2344
1408,1408,0,1,1,2344
1409,1409,0,1,1,2344
1410,1410,0,1,1,2344
1411,1411,0,1,1,2344
1412,1412,0,1,1,2344
1413,1413,0,1,1,2344
1414,1414,0,1,1,61518
1415,1415,0,1,1,62894
1416,1416,0,1,1,4128
1417,1417,0,1,1,3260
1418,1418,0,1,1,61935
1419,1419,0,1,1,62342
1420,1420,0,1,1,62342
1421,1421,0,1,1,62342
1422,1422,0,1,1,62342
1423,1423,0,1,1,62342
1424,1424,0,1,1,62342
1425,1425,0,1,1,62342
1426,1426,0,1,1,62342
1427,1427,0,1,1,62342
1428,1428,0,1,1,65108
1429,1429,0,1,1,4337
1430,1430,0,1,1,813
1431,1431,0,1,1,61272
1432,1432,0,1,1,64474
1433,1433,0,1,1,4182
1434,1434,0,1,1,4182
1435,1435,0,1,1,4182
1436,1436,0,1,1,4182
1437,1437,0,1,1,4182
1438,1438,0,1,1,4182
1439,1439,0,1,1,4182
1440,1440,0,1,1,4182
1441,1441,0,1,1,1371
1442,1442,0,1,1,61099
1443,1443,0,1,1,63864
1444,1444,0,1,1,4299
1445,1445,0,1,1,1965
1446,1446,0,1,1,61682
1447,1447,0,1,1,61682
1448,1448,0,1,1,61682
1449,1449,0,1,1,61682
1450,1450,0,1,1,61682
1451,1451,0,1,1,61682
1452,1452,0,1,1,61682
1453,1453,0,1,1,61682
1454,1454,0,1,1,63289
1455,1455,0,1,1,3634
1456,1456,0,1,1,2516
1457,1457,0,1,1,62091
1458,1458,0,1,1,62764
1459,1459,0,1,1,3309
1460,1460,0,1,1,3309
1461,1461,0,1,1,3309
1462,1462,0,1,1,3309
1463,1463,0,1,1,3309
1464,1464,0,1,1,3309
1465,1465,0,1,1,3309
1466,1466,0,1,1,3309
1467,1467,0,1,1,3309
1468,1468,0,1,1,3013
1469,1469,0,1,1,3970
1470,1470,0,1,1,390
1471,1471,0,1,1,61598
1472,1472,0,1,1,64855
1473,1473,0,1,1,3884
1474,1474,0,1,1,967
1475,1475,0,1,1,967
1476,1476,0,1,1,967
1477,1477,0,1,1,967
1478,1478,0,1,1,967
1479,1479,0,1,1,967
1480,1480,0,1,1,967
1481,1481,0,1,1,967
1482,1482,0,1,1,967
1483,1483,0,1,1,61726
1484,1484,0,1,1,64195
1485,1485,0,1,1,3714
1486,1486,0,1,1,1523
1487,1487,0,1,1,61937
1488,1488,0,1,1,63659
1489,1489,0,1,1,63659
1490,1490,0,1,1,63659
1491,1491,0,1,1,63659
1492,1492,0,1,1,63659
1493,1493,0,1,1,63659
1494,1494,0,1,1,63659
1495,1495,0,1,1,63659
1496,1496,0,1,1,63659
1497,1497,0,1,1,3124
1498,1498,0,1,1,2047
1499,1499,0,1,1,62226
1500,1500,0,1,1,63165
1501,1501,0,1,1,2830
1502,1502,0,1,1,2277
1503,1503,0,1,1,62876
1504,1504,0,1,1,62876
1505,1505,0,1,1,62876
1506,1506,0,1,1,62876
1507,1507,0,1,1,62876
1508,1508,0,1,1,62876
1509,1509,0,1,1,62876
1510,1510,0,1,1,62876
1511,1511,0,1,1,62876
1512,1512,0,1,1,61963
1513,1513,0,1,1,65097
1514,1514,0,1,1,3537
1515,1515,0,1,1,700
1516,1516,0,1,1,62054
1517,1517,0,1,1,64578
1518,1518,0,1,1,64578
1519,1519,0,1,1,64578
1520,1520,0,1,1,64578
1521,1521,0,1,1,64578
1522,1522,0,1,1,64578
1523,1523,0,1,1,64578
1524,1524,0,1,1,64578
1525,1525,0,1,1,64578
1526,1526,0,1,1,3059
1527,1527,0,1,1,1077
1528,1528,0,1,1,62219
1529,1529,0,1,1,64241
1530,1530,0,1,1,3207
1531,1531,0,1,1,1507
1532,1532,0,1,1,62755
1533,1533,0,1,1,62755
1534,1534,0,1,1,62755
1535,1535,0,1,1,62755
1536,1536,0,1,1,62755
1537,1537,0,1,1,62755
1538,1538,0,1,1,62755
1539,1539,0,1,1,62755
1540,1540,0,1,1,62755
1541,1541,0,1,1,63826
1542,1542,0,1,1,2658
1543,1543,0,1,1,1904
1544,1544,0,1,1,63016
1545,1545,0,1,1,63448
1546,1546,0,1,1,2315
1547,1547,0,1,1,2315
1548,1548,0,1,1,2315
1549,1549,0,1,1,2315
1550,1550,0,1,1,2315
1551,1551,0,1,1,2315
1552,1552,0,1,1,2315
1553,1553,0,1,1,2315
1554,1554,0,1,1,65301
1555,1555,0,1,1,2787
1556,1556,0,1,1,343
1557,1557,0,1,1,62387
1558,1558,0,1,1,64990
1559,1559,0,1,1,2717
1560,1560,0,1,1,2717
1561,1561,0,1,1,2717
1562,1562,0,1,1,2717
1563,1563,0,1,1,2717
1564,1564,0,1,1,2717
1565,1565,0,1,1,2717
1566,1566,0,1,1,2717
1567,1567,0,1,1,2717
1568,1568,0,1,1,928
1569,1569,0,1,1,62501
1570,1570,0,1,1,64528
1571,1571,0,1,1,2588
1572,1572,0,1,1,1198
1573,1573,0,1,1,63034
1574,1574,0,1,1,63960
1575,1575,0,1,1,63960
1576,1576,0,1,1,63960
1577,1577,0,1,1,63960
1578,1578,0,1,1,63960
1579,1579,0,1,1,63960
1580,1580,0,1,1,63960
1581,1581,0,1,1,63960
1582,1582,0,1,1,63960
1583,1583,0,1,1,2402
1584,1584,0,1,1,1499
1585,1585,0,1,1,63246
1586,1586,0,1,1,63867
1587,1587,0,1,1,2165
1588,1588,0,1,1,1881
1589,1589,0,1,1,1881
1590,1590,0,1,1,1881
1591,1591,0,1,1,1881
1592,1592,0,1,1,1881
1593,1593,0,1,1,1881
1594,1594,0,1,1,1881
1595,1595,0,1,1,1881
1596,1596,0,1,1,1881
1597,1597,0,1,1,63507
1598,1598,0,1,1,63150
1599,1599,0,1,1,65183
1600,1600,0,1,1,2358
1601,1601,0,1,1,527
1602,1602,0,1,1,63204
1603,1603,0,1,1,64838
1604,1604,0,1,1,64838
1605,1605,0,1,1,64838
1606,1606,0,1,1,64838
1607,1607,0,1,1,64838
1608,1608,0,1,1,64838
1609,1609,0,1,1,64838
1610,1610,0,1,1,64838
1611,1611,0,1,1,64838
1612,1612,0,1,1,2264
1613,1613,0,1,1,865
1614,1614,0,1,1,63338
1615,1615,0,1,1,64508
1616,1616,0,1,1,2147
1617,1617,0,1,1,1185
1618,1618,0,1,1,1185
1619,1619,0,1,1,1185
1620,1620,0,1,1,1185
1621,1621,0,1,1,1185
1622,1622,0,1,1,1185
1623,1623,0,1,1,1185
1624,1624,0,1,1,1185
1625,1625,0,1,1,1185
1626,1626,0,1,1,63505
1627,1627,0,1,1,64200
1628,1628,0,1,1,1640
1629,1629,0,1,1,1479
1630,1630,0,1,1,63716
1631,1631,0,1,1,63922
1632,1632,0,1,1,1700
1633,1633,0,1,1,1700
1634,1634,0,1,1,1700
1635,1635,0,1,1,1700
1636,1636,0,1,1,1700
1637,1637,0,1,1,1700
1638,1638,0,1,1,1700
1639,1639,0,1,1,1700
1640,1640,0,1,1,1700
1641,1641,0,1,1,65388
1642,1642,0,1,1,1990
1643,1643,0,1,1,343
1644,1644,0,1,1,63569
1645,1645,0,1,1,65184
1646,1646,0,1,1,1548
1647,1647,0,1,1,1548
1648,1648,0,1,1,1548
1649,1649,0,1,1,1548
1650,1650,0,1,1,1548
1651,1651,0,1,1,1548
1652,1652,0,1,1,1548
1653,1653,0,1,1,1548
1654,1654,0,1,1,466
1655,1655,0,1,1,64024
1656,1656,0,1,1,64958
1657,1657,0,1,1,1833
1658,1658,0,1,1,687
1659,1659,0,1,1,64120
1660,1660,0,1,1,64120
1661,1661,0,1,1,64120
1662,1662,0,1,1,64120
1663,1663,0,1,1,64120
1664,1664,0,1,1,64120
1665,1665,0,1,1,64120
1666,1666,0,1,1,64120
1667,1667,0,1,1,64120
1668,1668,0,1,1,64744
1669,1669,0,1,1,1357
1670,1670,0,1,1,1155
1671,1671,0,1,1,64246
1672,1672,0,1,1,64548
1673,1673,0,1,1,1519
1674,1674,0,1,1,1383
1675,1675,0,1,1,1383
1676,1676,0,1,1,1383
1677,1677,0,1,1,1383
1678,1678,0,1,1,1383
1679,1679,0,1,1,1383
1680,1680,0,1,1,1383
1681,1681,0,1,1,1383
1682,1682,0,1,1,1383
1683,1683,0,1,1,118
1684,1684,0,1,1,64340
1685,1685,0,1,1,65330
1686,1686,0,1,1,1176
1687,1687,0,1,1,293
1688,1688,0,1,1,63999
1689,1689,0,1,1,63999
1690,1690,0,1,1,63999
1691,1691,0,1,1,63999
1692,1692,0,1,1,63999
1693,1693,0,1,1,63999
1694,1694,0,1,1,63999
1695,1695,0,1,1,63999
1696,1696,0,1,1,63999
1697,1697,0,1,1,65032
1698,1698,0,1,1,1498
1699,1699,0,1,1,615
1700,1700,0,1,1,64446
1701,1701,0,1,1,64994
1702,1702,0,1,1,1049
1703,1703,0,1,1,620
1704,1704,0,1,1,620
1705,1705,0,1,1,620
1706,1706,0,1,1,620
1707,1707,0,1,1,620
1708,1708,0,1,1,620
1709,1709,0,1,1,620
1710,1710,0,1,1,620
1711,1711,0,1,1,620
1712,1712,0,1,1,64534
1713,1713,0,1,1,64842
1714,1714,0,1,1,950
1715,1715,0,1,1,510
1716,1716,0,1,1,64927
1717,1717,0,1,1,64982
1718,1718,0,1,1,64982
1719,1719,0,1,1,64982
1720,1720,0,1,1,64982
1721,1721,0,1,1,64982
1722,1722,0,1,1,64982
1723,1723,0,1,1,64982
1724,1724,0,1,1,64982
1725,1725,0,1,1,64982
1726,1726,0,1,1,569
1727,1727,0,1,1,65210
1728,1728,0,1,1,727
1729,1729,0,1,1,379
1730,1730,0,1,1,64836
1731,1731,0,1,1,65106
1732,1732,0,1,1,669
1733,1733,0,1,1,669
1734,1734,0,1,1,669
1735,1735,0,1,1,669
1736,1736,0,1,1,669
1737,1737,0,1,1,669
1738,1738,0,1,1,669
1739,1739,0,1,1,669
1740,1740,0,1,1,669
1741,1741,0,1,1,479
1742,1742,0,1,1,65219
1743,1743,0,1,1,65026
1744,1744,0,1,1,596
1745,1745,0,1,1,569
1746,1746,0,1,1,64982
1747,1747,0,1,1,64982
1748,1748,0,1,1,64982
1749,1749,0,1,1,64982
1750,1750,0,1,1,64982
1751,1751,0,1,1,64982
1752,1752,0,1,1,64982
1753,1753,0,1,1,64982
1754,1754,0,1,1,64982
1755,1755,0,1,1,64927
1756,1756,0,1,1,510
1757,1757,0,1,1,646
1758,1758,0,1,1,65073
1759,1759,0,1,1,65196
1760,1760,0,1,1,207
1761,1761,0,1,1,709
1762,1762,0,1,1,709
1763,1763,0,1,1,709
1764,1764,0,1,1,709
1765,1765,0,1,1,709
1766,1766,0,1,1,709
1767,1767,0,1,1,709
1768,1768,0,1,1,709
1769,1769,0,1,1,709
1770,1770,0,1,1,65355
1771,1771,0,1,1,65173
1772,1772,0,1,1,154
1773,1773,0,1,1,375
1774,1774,0,1,1,65410
1775,1775,0,1,1,0
1776,1776,0,1,1,0
1777,1777,0,1,1,0
1778,1778,0,1,1,0
1779,1779,0,1,1,0
1780,1780,0,1,1,0
1781,1781,0,1,1,0
1782,1782,0,1,1,0
1783,1783,0,1,1,215
1784,1784,0,1,1,0
1785,1785,0,1,1,0
1786,1786,0,1,1,0
1787,1787,0,1,1,0
1788,1788,0,1,1,0
1789,1789,0,1,1,0
1790,1790,0,1,1,0
1791,1791,0,1,1,0
1792,1792,0,1,1,0
1793,1793,0,1,1,0
1794,1794,0,1,1,0
1795,1795,0,1,1,0
1796,1796,0,1,1,0
1797,1797,0,1,1,0
1798,1798,0,1,1,270
1799,1799,0,1,1,0
1800,1800,0,1,1,0
1801,1801,0,1,1,0
1802,1802,0,1,1,0
1803,1803,0,1,1,0
1804,1804,0,1,1,0
1805,1805,0,1,1,0
1806,1806,0,1,1,0
1807,1807,0,1,1,0
1808,1808,0,1,1,0
1809,1809,0,1,1,0
1810,1810,0,1,1,0
1811,1811,0,1,1,0
1812,1812,0,1,1,0
1813,1813,0,1,1,0
1814,1814,0,1,1,0
1815,1815,0,1,1,0
1816,1816,0,1,1,0
1817,1817,0,1,1,345
1818,1818,0,1,1,345
1819,1819,0,1,1,345
1820,1820,0,1,1,345
1821,1821,0,1,1,345
1822,1822,0,1,1,345
1823,1823,0,1,1,345
1824,1824,0,1,1,345
1825,1825,0,1,1,345
1826,1826,0,1,1,223
1827,1827,0,1,1,65207
1828,1828,0,1,1,65289
1829,1829,0,1,1,622
1830,1830,0,1,1,525
1831,1831,0,1,1,64954
1832,1832,0,1,1,64967
1833,1833,0,1,1,64967
1834,1834,0,1,1,64967
1835,1835,0,1,1,64967
1836,1836,0,1,1,64967
1837,1837,0,1,1,64967
1838,1838,0,1,1,64967
1839,1839,0,1,1,64967
1840,1840,0,1,1,64967
1841,1841,0,1,1,270
1842,1842,0,1,1,304
1843,1843,0,1,1,65289
1844,1844,0,1,1,65207
1845,1845,0,1,1,447
1846,1846,0,1,1,679
1847,1847,0,1,1,679
1848,1848,0,1,1,679
1849,1849,0,1,1,679
1850,1850,0,1,1,679
1851,1851,0,1,1,679
1852,1852,0,1,1,679
1853,1853,0,1,1,679
1854,1854,0,1,1,65140
1855,1855,0,1,1,64827
1856,1856,0,1,1,172
1857,1857,0,1,1,735
1858,1858,0,1,1,65391
1859,1859,0,1,1,64779
1860,1860,0,1,1,64779
1861,1861,0,1,1,64779
1862,1862,0,1,1,64779
1863,1863,0,1,1,64779
1864,1864,0,1,1,64779
1865,1865,0,1,1,64779
1866,1866,0,1,1,64779
1867,1867,0,1,1,64779
1868,1868,0,1,1,64726
1869,1869,0,1,1,64914
1870,1870,0,1,1,479
1871,1871,0,1,1,986
1872,1872,0,1,1,64866
1873,1873,0,1,1,64846
1874,1874,0,1,1,379
1875,1875,0,1,1,379
1876,1876,0,1,1,379
1877,1877,0,1,1,379
1878,1878,0,1,1,379
1879,1879,0,1,1,379
1880,1880,0,1,1,379
1881,1881,0,1,1,379
1882,1882,0,1,1,379
1883,1883,0,1,1,718
1884,1884,0,1,1,65047
1885,1885,0,1,1,64422
1886,1886,0,1,1,406
1887,1887,0,1,1,763
1888,1888,0,1,1,65214
1889,1889,0,1,1,65214
1890,1890,0,1,1,65214
1891,1891,0,1,1,65214
1892,1892,0,1,1,65214
1893,1893,0,1,1,65214
1894,1894,0,1,1,65214
1895,1895,0,1,1,65214
1896,1896,0,1,1,65214
1897,1897,0,1,1,64367
1898,1898,0,1,1,264
1899,1899,0,1,1,1188
1900,1900,0,1,1,65300
1901,1901,0,1,1,63938
1902,1902,0,1,1,118
1903,1903,0,1,1,1606
1904,1904,0,1,1,1606
1905,1905,0,1,1,1606
1906,1906,0,1,1,1606
1907,1907,0,1,1,1606
1908,1908,0,1,1,1606
1909,1909,0,1,1,1606
1910,1910,0,1,1,1606
1911,1911,0,1,1,1606
1912,1912,0,1,1,0
1913,1913,0,1,1,63932
1914,1914,0,1,1,65447
1915,1915,0,1,1,1196
1916,1916,0,1,1,236
1917,1917,0,1,1,64779
1918,1918,0,1,1,64779
1919,1919,0,1,1,64779
1920,1920,0,1,1,64779
1921,1921,0,1,1,64779
1922,1922,0,1,1,64779
1923,1923,0,1,1,64779
1924,1924,0,1,1,64779
1925,1925,0,1,1,64779
1926,1926,0,1,1,64101
1927,1927,0,1,1,651
1928,1928,0,1,1,1498
1929,1929,0,1,1,64860
1930,1930,0,1,1,63632
1931,1931,0,1,1,535
1932,1932,0,1,1,1945
1933,1933,0,1,1,1945
1934,1934,0,1,1,1945
1935,1935,0,1,1,1945
1936,1936,0,1,1,1945
1937,1937,0,1,1,1945
1938,1938,0,1,1,1945
1939,1939,0,1,1,1945
1940,1940,0,1,1,1945
1941,1941,0,1,1,65145
1942,1942,0,1,1,63954
1943,1943,0,1,1,197
1944,1944,0,1,1,1602
1945,1945,0,1,1,65438
1946,1946,0,1,1,63531
1947,1947,0,1,1,63531
1948,1948,0,1,1,63531
1949,1949,0,1,1,63531
1950,1950,0,1,1,63531
1951,1951,0,1,1,63531
1952,1952,0,1,1,63531
1953,1953,0,1,1,63531
1954,1954,0,1,1,65487
1955,1955,0,1,1,1602
1956,1956,0,1,1,157
1957,1957,0,1,1,63546
1958,1958,0,1,1,65193
1959,1959,0,1,1,1967
1960,1960,0,1,1,1967
1961,1961,0,1,1,1967
1962,1962,0,1,1,1967
1963,1963,0,1,1,1967
1964,1964,0,1,1,1967
1965,1965,0,1,1,1967
1966,1966,0,1,1,1967
1967,1967,0,1,1,1967
1968,1968,0,1,1,343
1969,1969,0,1,1,1984
1970,1970,0,1,1,65242
1971,1971,0,1,1,63139
1972,1972,0,1,1,49
1973,1973,0,1,1,2006
1974,1974,0,1,1,118
1975,1975,0,1,1,118
1976,1976,0,1,1,118
1977,1977,0,1,1,118
1978,1978,0,1,1,118
1979,1979,0,1,1,118
1980,1980,0,1,1,118
1981,1981,0,1,1,118
1982,1982,0,1,1,118
1983,1983,0,1,1,63139
1984,1984,0,1,1,65300
1985,1985,0,1,1,2378
1986,1986,0,1,1,469
1987,1987,0,1,1,63190
1988,1988,0,1,1,64952
1989,1989,0,1,1,64952
1990,1990,0,1,1,64952
1991,1991,0,1,1,64952
1992,1992,0,1,1,64952
1993,1993,0,1,1,64952
1994,1994,0,1,1,64952
1995,1995,0,1,1,64952
1996,1996,0,1,1,64952
1997,1997,0,1,1,2300
1998,1998,0,1,1,810
1999,1999,0,1,1,63293
2000,2000,0,1,1,64562
2001,2001,0,1,1,2532
2002,2002,0,1,1,1081
2003,2003,0,1,1,63444
2004,2004,0,1,1,63444
2005,2005,0,1,1,63444
2006,2006,0,1,1,63444
2007,2007,0,1,1,63444
2008,2008,0,1,1,63444
2009,2009,0,1,1,63444
2010,2010,0,1,1,63444
2011,2011,0,1,1,63444
2012,2012,0,1,1,64300
2013,2013,0,1,1,1999
2014,2014,0,1,1,1613
2015,2015,0,1,1,63328
2016,2016,0,1,1,63966
2017,2017,0,1,1,65379
2018,2018,0,1,1,65379
2019,2019,0,1,1,65379
2020,2020,0,1,1,65379
2021,2021,0,1,1,65379
2022,2022,0,1,1,65379
2023,2023,0,1,1,65379
2024,2024,0,1,1,65379
2025,2025,0,1,1,65379
2026,2026,0,1,1,3188
2027,2027,0,1,1,391
2028,2028,0,1,1,62374
2029,2029,0,1,1,64990
2030,2030,0,1,1,2733
2031,2031,0,1,1,747
2032,2032,0,1,1,62876
2033,2033,0,1,1,62876
2034,2034,0,1,1,62876
2035,2035,0,1,1,62876
2036,2036,0,1,1,62876
2037,2037,0,1,1,62876
2038,2038,0,1,1,62876
2039,2039,0,1,1,62876
2040,2040,0,1,1,62876
2041,2041,0,1,1,64592
2042,2042,0,1,1,2588
2043,2043,0,1,1,1135
2044,2044,0,1,1,62646
2045,2045,0,1,1,64029
2046,2046,0,1,1,2781
2047,2047,0,1,1,2781
